{
  "$schema": "https://schema.management.azure.com/schemas/2015-01-01/deploymentTemplate.json#",
  "contentVersion": "1.0.0.0",
  "parameters": {
    "resourceGroup_RG_CorpCloud": {
      "defaultValue": null,
      "type": "string"
    },
    "resourceGroup_RG_EuropePublic": {
      "defaultValue": null,
      "type": "string"
    },


    "RG_CorpCloud_Location": {
      "defaultValue": null,
      "type": "string"
    },
    "RG_EuropePublic_Location": {
      "defaultValue": null,
      "type": "string"
    },


    "lowercase_initialsOrBusinessName": {
      "type": "string"
    },
    "virtualMachines_adminUsername": {
      "type": "string"
    },
    "virtualMachines_adminPassword": {
      "type": "securestring"
    },




    "publicIPAddresses_IP_EuropeWebServer_name": {
      "defaultValue": null,
      "type": "string"
    },


    "routeTables_UDR_EuropePublic_name": {
      "defaultValue": null,
      "type": "string"
    },


    "networkSecurityGroups_NSG_EuropeWebServers_name": {
      "defaultValue": null,
      "type": "string"
    },


    "virtualNetworks_VNet_EuropePublic_name": {
      "defaultValue": null,
      "type": "string"
    },
    "subnets_SNet_WebServers_name": {
      "defaultValue": null,
      "type": "string"
    },


    "storageAccounts_SA_RGEuropePublic_name": {
      "defaultValue": null,
      "type": "string"
    },


    "loadBalancers_LB_EuropeWebServer_name": {
      "defaultValue": null,
      "type": "string"
    },
    "loadBalancers_LB_FrontEnd_name": {
      "defaultValue": null,
      "type": "string"
    },
    "loadBalancers_LB_BackendPool_name": {
      "defaultValue": null,
      "type": "string"
    },
    "loadBalancers_LB_HealthProbe_name": {
      "defaultValue": null,
      "type": "string"
    },


    "networkInterfaces_NIC_VMWebServer1_name": {
      "defaultValue": null,
      "type": "string"
    },
    "networkInterfaces_NIC_VMWebServer2_name": {
      "defaultValue": null,
      "type": "string"
    },


    "availabilitySets_AS_EuropeWebServers_name": {
      "defaultValue": null,
      "type": "string"
    },


    "virtualMachines_VM_WebServer1_name": {
      "defaultValue": null,
      "type": "string"
    },
    "virtualMachines_VM_WebServer2_name": {
      "defaultValue": null,
      "type": "string"
    },


    "virtualNetworkPeerings_Peer_EuropePublicToCorpFirewall_name": {
      "defaultValue": null,
      "type": "string"
    },




    "publicIPAddresses_IP_Firewall_name": {
      "defaultValue": null,
      "type": "string"
    },
    "publicIPAddresses_IP_GWCloud_name": {
      "defaultValue": null,
      "type": "string"
    },


    "routeTables_UDR_CorpServers_name": {
      "defaultValue": null,
      "type": "string"
    },


    "networkSecurityGroups_NSG_CorpServers_name": {
      "defaultValue": null,
      "type": "string"
    },
    "networkSecurityGroups_NSG_InternalMgmt_name": {
      "defaultValue": null,
      "type": "string"
    },
    "networkSecurityGroups_NSG_CorpWebServers_name": {
      "defaultValue": null,
      "type": "string"
    },


    "virtualNetworks_VNet_CorpFirewall_name": {
      "defaultValue": null,
      "type": "string"
    },
    "subnets_GatewaySubnet_name": {
      "defaultValue": null,
      "type": "string"
    },
    "subnets_AzureFirewallSubnet_name": {
      "defaultValue": null,
      "type": "string"
    },


    "virtualNetworks_VNet_CorpServers_name": {
      "defaultValue": null,
      "type": "string"
    },
    "subnets_SNet_InternalMgmt_name": {
      "defaultValue": null,
      "type": "string"
    },
    "subnets_SNet_InternalWebServers_name": {
      "defaultValue": null,
      "type": "string"
    },


    "virtualNetworkPeerings_Peer_CorpFirewallToEuropePublic_name": {
      "defaultValue": null,
      "type": "string"
    },
    "virtualNetworkPeerings_Peer_CorpServersToCorpFirewall_name": {
      "defaultValue": null,
      "type": "string"
    },
    "virtualNetworkPeerings_Peer_CorpFirewallToCorpServers_name": {
      "defaultValue": null,
      "type": "string"
    },


    "storageAccounts_SA_RGCorpCloud_name": {
      "defaultValue": null,
      "type": "string"
    },


    "networkInterfaces_NIC_VMInternalMgmt_name": {
      "defaultValue": null,
      "type": "string"
    },
    "networkInterfaces_NIC_VMCorpWeb_name": {
      "defaultValue": null,
      "type": "string"
    },


    "azureFirewalls_FW_CorpFirewall_name": {
      "defaultValue": null,
      "type": "string"
    },


    "virtualMachines_VM_CorpWeb_name": {
      "defaultValue": null,
      "type": "string"
    },
    "virtualMachines_VM_InternalMgmt_name": {
      "defaultValue": null,
      "type": "string"
    },


    "localNetworkGateways_LNG_ForOnPrem_name": {
      "defaultValue": null,
      "type": "string"
    },
    "virtualNetworkGateways_VNG_Cloud_name": {
      "defaultValue": null,
      "type": "string"
    },
    "connections_Connection_GWCloud_name": {
      "defaultValue": null,
      "type": "securestring"
    }
  },


  "variables": {
    "var_SA_RGCorpCloud_name": "[concat(parameters('storageAccounts_SA_RGCorpCloud_name'), parameters('lowercase_initialsOrBusinessName'))]",
    "var_VNG_Cloud_location": "[resourceId(parameters('resourceGroup_RG_CorpCloud'), 'Microsoft.Network/virtualNetworkGateways', parameters('virtualNetworkGateways_VNG_Cloud_name'))]",
    "var_LNG_ForOnPrem_location": "[resourceId(parameters('resourceGroup_RG_CorpCloud'), 'Microsoft.Network/localNetworkGateways', Parameters('localNetworkGateways_LNG_ForOnPrem_name'))]",


    "var_SA_RGEuropePublic_name": "[concat(parameters('storageAccounts_SA_RGEuropePublic_name'), parameters('lowercase_initialsOrBusinessName'))]"
  },


  "resources": [
    {
      "comments": "FIREWALL PUBLIC IP ADDRESS ",
      "type": "Microsoft.Network/publicIPAddresses",
      "sku": {
        "name": "Standard",
        "tier": "Regional"
      },
      "name": "[parameters('publicIPAddresses_IP_Firewall_name')]",
      "apiVersion": "2018-12-01",
      "location": "[parameters('RG_CorpCloud_Location')]",
      "tags": {},
      "scale": null,
      "properties": {
        "provisioningState": "Succeeded",
        "resourceGuid": "c9e3f1ff-4137-4a12-99aa-08f4396d9099",
        "publicIPAddressVersion": "IPv4",
        "publicIPAllocationMethod": "Static",
        "idleTimeoutInMinutes": 4,
        "ipTags": []
      },
      "dependsOn": []
    },
    {
      "comments": "CLOUD GATEWAY PUBLIC IP ADDRESS",
      "type": "Microsoft.Network/publicIPAddresses",
      "sku": {
        "name": "Basic",
        "tier": "Regional"
      },
      "name": "[parameters('publicIPAddresses_IP_GWCloud_name')]",
      "apiVersion": "2018-12-01",
      "location": "[parameters('RG_CorpCloud_Location')]",
      "scale": null,
      "properties": {
        "provisioningState": "Succeeded",
        "resourceGuid": "6aaa6ebc-f4e6-46ce-a03a-0e4f7adebaa8",
        "publicIPAddressVersion": "IPv4",
        "publicIPAllocationMethod": "Dynamic",
        "idleTimeoutInMinutes": 4,
        "ipTags": []
      },
      "dependsOn": []
    },
    {
      "comments": "CLOUD SERVERS VIRTUAL NETWORK USER DEFINED ROUTING TABLE",
      "type": "Microsoft.Network/routeTables",
      "name": "[parameters('routeTables_UDR_CorpServers_name')]",
      "apiVersion": "2018-12-01",
      "location": "[parameters('RG_CorpCloud_Location')]",
      "scale": null,
      "properties": {
        "provisioningState": "Succeeded",
        "disableBgpRoutePropagation": false,
        "routes": [
          {
            "name": "DefaultGateway",
            "etag": "W/\"b41fb625-f0df-4a7e-a67f-8463d4ad265f\"",
            "properties": {
              "provisioningState": "Succeeded",
              "addressPrefix": "0.0.0.0/0",
              "nextHopType": "VirtualAppliance",
              "nextHopIpAddress": "10.250.0.132"
            }
          }
        ]
      },
      "dependsOn": []
    },
    {
      "comments": "NETWORK SECURITY GROUP FOR CORPSERVERS SUBNET",
      "type": "Microsoft.Network/networkSecurityGroups",
      "name": "[parameters('networkSecurityGroups_NSG_CorpServers_name')]",
      "apiVersion": "2018-12-01",
      "location": "[parameters('RG_CorpCloud_Location')]",
      "scale": null,
      "properties": {
        "provisioningState": "Succeeded",
        "resourceGuid": "56654472-af12-4e84-9382-e1621f808a19",
        "securityRules": [
          {
            "name": "DenyAllInBoundFromOnPrem",
            "etag": "W/\"39128545-4166-4608-841a-33d821e95de2\"",
            "properties": {
              "provisioningState": "Succeeded",
              "protocol": "*",
              "sourcePortRange": "*",
              "destinationPortRange": "*",
              "sourceAddressPrefix": "10.0.0.0/16",
              "destinationAddressPrefix": "*",
              "access": "Deny",
              "priority": 2000,
              "direction": "Inbound",
              "sourcePortRanges": [],
              "destinationPortRanges": [],
              "sourceAddressPrefixes": [],
              "destinationAddressPrefixes": []
            }
          },
          {
            "name": "AllowRDPFromOnPrem",
            "etag": "W/\"39128545-4166-4608-841a-33d821e95de2\"",
            "properties": {
              "provisioningState": "Succeeded",
              "protocol": "*",
              "sourcePortRange": "*",
              "destinationPortRange": "3389",
              "sourceAddressPrefix": "10.0.0.0/16",
              "destinationAddressPrefix": "VirtualNetwork",
              "access": "Allow",
              "priority": 1000,
              "direction": "Inbound",
              "sourcePortRanges": [],
              "destinationPortRanges": [],
              "sourceAddressPrefixes": [],
              "destinationAddressPrefixes": []
            }
          },
          {
            "name": "AllowHTTPFromOnPrem",
            "etag": "W/\"39128545-4166-4608-841a-33d821e95de2\"",
            "properties": {
              "provisioningState": "Succeeded",
              "protocol": "*",
              "sourcePortRange": "*",
              "destinationPortRange": "80",
              "sourceAddressPrefix": "10.0.0.0/16",
              "destinationAddressPrefix": "VirtualNetwork",
              "access": "Allow",
              "priority": 1100,
              "direction": "Inbound",
              "sourcePortRanges": [],
              "destinationPortRanges": [],
              "sourceAddressPrefixes": [],
              "destinationAddressPrefixes": []
            }
          },
          {
            "name": "AllowHTTPSFromOnPrem",
            "etag": "W/\"39128545-4166-4608-841a-33d821e95de2\"",
            "properties": {
              "provisioningState": "Succeeded",
              "protocol": "*",
              "sourcePortRange": "*",
              "destinationPortRange": "443",
              "sourceAddressPrefix": "10.0.0.0/16",
              "destinationAddressPrefix": "VirtualNetwork",
              "access": "Allow",
              "priority": 1105,
              "direction": "Inbound",
              "sourcePortRanges": [],
              "destinationPortRanges": [],
              "sourceAddressPrefixes": [],
              "destinationAddressPrefixes": []
            }
          },
          {
            "name": "DenyAllOutboundToOnPrem",
            "etag": "W/\"39128545-4166-4608-841a-33d821e95de2\"",
            "properties": {
              "provisioningState": "Succeeded",
              "protocol": "*",
              "sourcePortRange": "*",
              "destinationPortRange": "*",
              "sourceAddressPrefix": "VirtualNetwork",
              "destinationAddressPrefix": "10.0.0.0/16",
              "access": "Deny",
              "priority": 2000,
              "direction": "Outbound",
              "sourcePortRanges": [],
              "destinationPortRanges": [],
              "sourceAddressPrefixes": [],
              "destinationAddressPrefixes": []
            }
          }
        ],
        "defaultSecurityRules": []
      },
      "dependsOn": []
    },
    {
      "comments": "NETWORK SECURITY GROUP FOR INTERNALMGMT VM'S",
      "type": "Microsoft.Network/networkSecurityGroups",
      "name": "[parameters('networkSecurityGroups_NSG_InternalMgmt_name')]",
      "apiVersion": "2018-12-01",
      "location": "[parameters('RG_CorpCloud_Location')]",
      "scale": null,
      "properties": {
        "provisioningState": "Succeeded",
        "resourceGuid": "5a2e9546-1c09-477a-ac0f-77b7c5236fe9",
        "securityRules": [
          {
            "name": "AllowRDPFromOnPrem",
            "etag": "W/\"34f407fe-9e88-4e50-8f90-b9381ef613f6\"",
            "properties": {
              "provisioningState": "Succeeded",
              "protocol": "*",
              "sourcePortRange": "*",
              "destinationPortRange": "3389",
              "sourceAddressPrefix": "10.0.0.0/16",
              "destinationAddressPrefix": "*",
              "access": "Allow",
              "priority": 1000,
              "direction": "Inbound",
              "sourcePortRanges": [],
              "destinationPortRanges": [],
              "sourceAddressPrefixes": [],
              "destinationAddressPrefixes": []
            }
          },
          {
            "name": "DenyRDPInbound",
            "etag": "W/\"34f407fe-9e88-4e50-8f90-b9381ef613f6\"",
            "properties": {
              "provisioningState": "Succeeded",
              "protocol": "*",
              "sourcePortRange": "*",
              "destinationPortRange": "3389",
              "sourceAddressPrefix": "10.250.0.0/16",
              "destinationAddressPrefix": "*",
              "access": "Deny",
              "priority": 1100,
              "direction": "Inbound",
              "sourcePortRanges": [],
              "destinationPortRanges": [],
              "sourceAddressPrefixes": [],
              "destinationAddressPrefixes": []
            }
          },
          {
            "name": "DenyAllOnPremTraffic",
            "etag": "W/\"34f407fe-9e88-4e50-8f90-b9381ef613f6\"",
            "properties": {
              "provisioningState": "Succeeded",
              "protocol": "*",
              "sourcePortRange": "*",
              "destinationPortRange": "*",
              "sourceAddressPrefix": "10.0.0.0/16",
              "destinationAddressPrefix": "*",
              "access": "Deny",
              "priority": 2000,
              "direction": "Inbound",
              "sourcePortRanges": [],
              "destinationPortRanges": [],
              "sourceAddressPrefixes": [],
              "destinationAddressPrefixes": []
            }
          }
        ],
        "defaultSecurityRules": []
      },
      "dependsOn": []
    },
    {
      "comments": "NETWORK SECURITY GROUP FOR INTERNAL WEB SERVER VM'S.",
      "type": "Microsoft.Network/networkSecurityGroups",
      "name": "[parameters('networkSecurityGroups_NSG_CorpWebServers_name')]",
      "apiVersion": "2018-12-01",
      "location": "[parameters('RG_CorpCloud_Location')]",
      "scale": null,
      "properties": {
        "provisioningState": "Succeeded",
        "resourceGuid": "6461eb34-852b-4c6e-8b1e-0eaea1c4fc29",
        "securityRules": [
          {
            "name": "DenyRDPOutBound",
            "etag": "W/\"08904cbe-a01a-4266-9e25-962f20b379e0\"",
            "properties": {
              "provisioningState": "Succeeded",
              "protocol": "*",
              "sourcePortRange": "*",
              "destinationPortRange": "3389",
              "sourceAddressPrefix": "*",
              "destinationAddressPrefix": "*",
              "access": "Deny",
              "priority": 2000,
              "direction": "Outbound",
              "sourcePortRanges": [],
              "destinationPortRanges": [],
              "sourceAddressPrefixes": [],
              "destinationAddressPrefixes": []
            }
          },
          {
            "name": "DenyAllOnPremTraffic",
            "etag": "W/\"08904cbe-a01a-4266-9e25-962f20b379e0\"",
            "properties": {
              "provisioningState": "Succeeded",
              "protocol": "*",
              "sourcePortRange": "*",
              "destinationPortRange": "*",
              "sourceAddressPrefix": "10.0.0.0/16",
              "destinationAddressPrefix": "*",
              "access": "Deny",
              "priority": 2000,
              "direction": "Inbound",
              "sourcePortRanges": [],
              "destinationPortRanges": [],
              "sourceAddressPrefixes": [],
              "destinationAddressPrefixes": []
            }
          },
          {
            "name": "AllowHTTPFromOnPrem",
            "etag": "W/\"39128545-4166-4608-841a-33d821e95de2\"",
            "properties": {
              "provisioningState": "Succeeded",
              "protocol": "*",
              "sourcePortRange": "*",
              "destinationPortRange": "80",
              "sourceAddressPrefix": "10.0.0.0/16",
              "destinationAddressPrefix": "VirtualNetwork",
              "access": "Allow",
              "priority": 1005,
              "direction": "Inbound",
              "sourcePortRanges": [],
              "destinationPortRanges": [],
              "sourceAddressPrefixes": [],
              "destinationAddressPrefixes": []
            }
          },
          {
            "name": "AllowHTTPSFromOnPrem",
            "etag": "W/\"39128545-4166-4608-841a-33d821e95de2\"",
            "properties": {
              "provisioningState": "Succeeded",
              "protocol": "*",
              "sourcePortRange": "*",
              "destinationPortRange": "443",
              "sourceAddressPrefix": "10.0.0.0/16",
              "destinationAddressPrefix": "VirtualNetwork",
              "access": "Allow",
              "priority": 1010,
              "direction": "Inbound",
              "sourcePortRanges": [],
              "destinationPortRanges": [],
              "sourceAddressPrefixes": [],
              "destinationAddressPrefixes": []
            }
          }
        ],
        "defaultSecurityRules": []
      },
      "dependsOn": []
    },
    {
      "comments": "VIRTUAL NETWORK CORPFIREWALL",
      "type": "Microsoft.Network/virtualNetworks",
      "name": "[parameters('virtualNetworks_VNet_CorpFirewall_name')]",
      "apiVersion": "2018-12-01",
      "location": "[parameters('RG_CorpCloud_Location')]",
      "scale": null,
      "properties": {
        "provisioningState": "Succeeded",
        "resourceGuid": "434c4399-ae19-46f2-950f-34a98448f56b",
        "addressSpace": {
          "addressPrefixes": [
            "10.250.0.0/24"
          ]
        },
        "subnets": [
          {
            "name": "[parameters('subnets_AzureFirewallSubnet_name')]",
            "etag": "W/\"415a1e82-e9c5-4890-8268-877ed6a628d3\"",
            "properties": {
              "provisioningState": "Succeeded",
              "addressPrefix": "10.250.0.128/26",
              "serviceEndpoints": [],
              "delegations": []
            }
          },
          {
            "name": "[parameters('subnets_GatewaySubnet_name')]",
            "etag": "W/\"415a1e82-e9c5-4890-8268-877ed6a628d3\"",
            "properties": {
              "provisioningState": "Succeeded",
              "addressPrefix": "10.250.0.0/28",
              "serviceEndpoints": [],
              "delegations": []
            }
          }
        ],
        "virtualNetworkPeerings": [],
        "enableDdosProtection": false,
        "enableVmProtection": false
      },
      "dependsOn": []
    },
    {
      "comments": "VNET-CORPFIREWALL VIRTUAL NETWORK SUBNET GATEWAYSUBNET",
      "type": "Microsoft.Network/virtualNetworks/subnets",
      "name": "[concat(parameters('virtualNetworks_VNet_CorpFirewall_name'), '/', parameters('subnets_GatewaySubnet_name'))]",
      "apiVersion": "2018-12-01",
      "scale": null,
      "properties": {
        "provisioningState": "Succeeded",
        "addressPrefix": "10.250.0.0/28",
        "serviceEndpoints": [],
        "delegations": []
      },
      "dependsOn": [
        "[resourceId('Microsoft.Network/virtualNetworks', parameters('virtualNetworks_VNet_CorpFirewall_name'))]"
      ]
    },
    {
      "comments": "VNET-CORPFIREWALL VIRTUAL NETWORK SUBNET AZUREFIREWALLSUBNET",
      "type": "Microsoft.Network/virtualNetworks/subnets",
      "name": "[concat(parameters('virtualNetworks_VNet_CorpFirewall_name'), '/', parameters('subnets_AzureFirewallSubnet_name'))]",
      "apiVersion": "2018-12-01",
      "scale": null,
      "properties": {
        "provisioningState": "Succeeded",
        "addressPrefix": "10.250.0.128/26",
        "serviceEndpoints": [],
        "delegations": []
      },
      "dependsOn": [
        "[resourceId('Microsoft.Network/virtualNetworks', parameters('virtualNetworks_VNet_CorpFirewall_name'))]"
      ]
    },
    {
      "comments": "VIRTUAL NETWORK CORPSERVERS",
      "type": "Microsoft.Network/virtualNetworks",
      "name": "[parameters('virtualNetworks_VNet_CorpServers_name')]",
      "apiVersion": "2018-12-01",
      "location": "[parameters('RG_CorpCloud_Location')]",
      "scale": null,
      "properties": {
        "provisioningState": "Succeeded",
        "resourceGuid": "30128207-9a25-4523-9453-4a673e097b03",
        "addressSpace": {
          "addressPrefixes": [
            "10.250.1.0/24"
          ]
        },
        "subnets": [
          {
            "name": "[parameters('subnets_SNet_InternalMgmt_name')]",
            "etag": "W/\"35433c8d-2433-432f-ab5c-b750818cdee2\"",
            "properties": {
              "provisioningState": "Succeeded",
              "addressPrefix": "10.250.1.0/29",
              "networkSecurityGroup": {
                "id": "[resourceId('Microsoft.Network/networkSecurityGroups', parameters('networkSecurityGroups_NSG_CorpServers_name'))]"
              },
              "routeTable": {
                "id": "[resourceId('Microsoft.Network/routeTables', parameters('routeTables_UDR_CorpServers_name'))]"
              },
              "serviceEndpoints": [],
              "delegations": []
            }
          },
          {
            "name": "[parameters('subnets_SNet_InternalWebServers_name')]",
            "etag": "W/\"35433c8d-2433-432f-ab5c-b750818cdee2\"",
            "properties": {
              "provisioningState": "Succeeded",
              "addressPrefix": "10.250.1.8/29",
              "networkSecurityGroup": {
                "id": "[resourceId('Microsoft.Network/networkSecurityGroups', parameters('networkSecurityGroups_NSG_CorpServers_name'))]"
              },
              "routeTable": {
                "id": "[resourceId('Microsoft.Network/routeTables', parameters('routeTables_UDR_CorpServers_name'))]"
              },
              "serviceEndpoints": [],
              "delegations": []
            }
          }
        ],
        "virtualNetworkPeerings": [],
        "enableDdosProtection": false,
        "enableVmProtection": false
      },
      "dependsOn": [
        "[resourceId('Microsoft.Network/networkSecurityGroups', parameters('networkSecurityGroups_NSG_CorpServers_name'))]",
        "[resourceId('Microsoft.Network/routeTables', parameters('routeTables_UDR_CorpServers_name'))]"
      ]
    },
    {
      "comments": "VNET-CLOUDSERVERS VIRTUAL NETWORK SUBNET SNET-INTERNALMGMT",
      "type": "Microsoft.Network/virtualNetworks/subnets",
      "name": "[concat(parameters('virtualNetworks_VNet_CorpServers_name'), '/', parameters('subnets_SNet_InternalMgmt_name'))]",
      "apiVersion": "2018-12-01",
      "scale": null,
      "properties": {
        "provisioningState": "Succeeded",
        "addressPrefix": "10.250.1.0/29",
        "networkSecurityGroup": {
          "id": "[resourceId('Microsoft.Network/networkSecurityGroups', parameters('networkSecurityGroups_NSG_CorpServers_name'))]"
        },
        "routeTable": {
          "id": "[resourceId('Microsoft.Network/routeTables', parameters('routeTables_UDR_CorpServers_name'))]"
        },
        "serviceEndpoints": [],
        "delegations": []
      },
      "dependsOn": [
        "[resourceId('Microsoft.Network/virtualNetworks', parameters('virtualNetworks_VNet_CorpServers_name'))]",
        "[resourceId('Microsoft.Network/networkSecurityGroups', parameters('networkSecurityGroups_NSG_CorpServers_name'))]",
        "[resourceId('Microsoft.Network/routeTables', parameters('routeTables_UDR_CorpServers_name'))]"
      ]
    },
    {
      "comments": "VNET-CLOUDSERVERS VIRTUAL NETWORK SUBNET SNET-INTERNALSERVERS",
      "type": "Microsoft.Network/virtualNetworks/subnets",
      "name": "[concat(parameters('virtualNetworks_VNet_CorpServers_name'), '/', parameters('subnets_SNet_InternalWebServers_name'))]",
      "apiVersion": "2018-12-01",
      "scale": null,
      "properties": {
        "provisioningState": "Succeeded",
        "addressPrefix": "10.250.1.8/29",
        "networkSecurityGroup": {
          "id": "[resourceId('Microsoft.Network/networkSecurityGroups', parameters('networkSecurityGroups_NSG_CorpServers_name'))]"
        },
        "routeTable": {
          "id": "[resourceId('Microsoft.Network/routeTables', parameters('routeTables_UDR_CorpServers_name'))]"
        },
        "serviceEndpoints": [],
        "delegations": []
      },
      "dependsOn": [
        "[resourceId('Microsoft.Network/virtualNetworks', parameters('virtualNetworks_VNet_CorpServers_name'))]",
        "[resourceId('Microsoft.Network/networkSecurityGroups', parameters('networkSecurityGroups_NSG_CorpServers_name'))]",
        "[resourceId('Microsoft.Network/routeTables', parameters('routeTables_UDR_CorpServers_name'))]"
      ]
    },
    {
      "comments": "AZURE FIREWALL",
      "type": "Microsoft.Network/azureFirewalls",
      "name": "[parameters('azureFirewalls_FW_CorpFirewall_name')]",
      "apiVersion": "2018-12-01",
      "location": "[parameters('RG_CorpCloud_Location')]",
      "tags": {},
      "scale": null,
      "properties": {
        "provisioningState": "Succeeded",
        "threatIntelMode": "Alert",
        "ipConfigurations": [
          {
            "name": "IpConf",
            "properties": {
              "provisioningState": "Succeeded",
              "publicIPAddress": {
                "id": "[resourceId('Microsoft.Network/publicIPAddresses', parameters('publicIPAddresses_IP_Firewall_name'))]"
              },
              "subnet": {
                "id": "[resourceId('Microsoft.Network/virtualNetworks/subnets', parameters('virtualNetworks_VNet_CorpFirewall_name'), parameters('subnets_AzureFirewallSubnet_name'))]"
              }
            }
          }
        ],
        "networkRuleCollections": [
          {
            "name": "RDP",
            "properties": {
              "provisioningState": "Succeeded",
              "priority": 1000,
              "action": {
                "type": "Allow"
              },
              "rules": [
                {
                  "name": "AllowRDPtoEuropePublic",
                  "protocols": [
                    "Any"
                  ],
                  "sourceAddresses": [
                    "10.250.1.0/29"
                  ],
                  "destinationAddresses": [
                    "10.250.2.0/24"
                  ],
                  "destinationPorts": [
                    "3389"
                  ]
                }
              ]
            }
          }
        ],
        "applicationRuleCollections": [
          {
            "name": "IISInstallScript",
            "properties": {
              "provisioningState": "Succeeded",
              "priority": 1000,
              "action": {
                "type": "Allow"
              },
              "rules": [
                {
                  "name": "IISInstall",
                  "protocols": [
                    {
                      "protocolType": "Http",
                      "port": 80
                    },
                    {
                      "protocolType": "Https",
                      "port": 443
                    }
                  ],
                  "fqdnTags": [],
                  "targetFqdns": [
                    "raw.githubusercontent.com",
                    "github.com"
                  ],
                  "sourceAddresses": [
                    "10.250.0.0/16"
                  ]
                }
              ]
            }
          }
        ],
        "natRuleCollections": []
      },
      "dependsOn": [
        "[resourceId('Microsoft.Network/publicIPAddresses', parameters('publicIPAddresses_IP_Firewall_name'))]",
        "[resourceId('Microsoft.Network/virtualNetworks/subnets', parameters('virtualNetworks_VNet_CorpFirewall_name'), parameters('subnets_AzureFirewallSubnet_name'))]"
      ]
    },




    {
      "comments": "EuropePublic Resource Group",
      "apiVersion": "2018-07-01",
      "name": "RG-EuropePublicTemplate",
      "type": "Microsoft.Resources/deployments",
      "resourceGroup": "[parameters('resourceGroup_RG_EuropePublic')]",
      "properties": {
        "mode": "Incremental",
        "template": {
          "$schema": "https://schema.management.azure.com/schemas/2015-01-01/deploymentTemplate.json#",
          "contentVersion": "1.0.0.0",
          "parameters": {},
          "variables": {},
          "resources": [
            {
              "comments": "EuropeWebServer Load Balancer IP Address",
              "type": "Microsoft.Network/publicIPAddresses",
              "sku": {
                "name": "Basic",
                "tier": "Regional"
              },
              "name": "[parameters('publicIPAddresses_IP_EuropeWebServer_name')]",
              "apiVersion": "2018-12-01",
              "location": "[parameters('RG_EuropePublic_Location')]",
              "tags": {},
              "scale": null,
              "properties": {
                "provisioningState": "Succeeded",
                "resourceGuid": "06219939-2e55-4c01-9c29-40367551a426",
                "publicIPAddressVersion": "IPv4",
                "publicIPAllocationMethod": "Static",
                "idleTimeoutInMinutes": 4,
                "dnsSettings": {
                  "domainNameLabel": "[concat(parameters('lowercase_initialsOrBusinessName'), 'europeweb')]",
                  "fqdn": "[concat(parameters('lowercase_initialsOrBusinessName'), 'europeweb.', parameters('RG_EuropePublic_Location'), '.cloudapp.azure.com')]"
                },
                "ipTags": []
              },
              "dependsOn": []
            },
            {
              "comments": "EuropePublic SERVERS VIRTUAL NETWORK USER DEFINED ROUTING TABLE",
              "type": "Microsoft.Network/routeTables",
              "name": "[parameters('routeTables_UDR_EuropePublic_name')]",
              "apiVersion": "2018-12-01",
              "location": "[parameters('RG_EuropePublic_Location')]",
              "scale": null,
              "properties": {
                "provisioningState": "Succeeded",
                "disableBgpRoutePropagation": false,
                "routes": [
                  {
                    "name": "ManagementRoute",
                    "etag": "W/\"82a8b846-1e99-4830-bf99-d45f460e7305\"",
                    "properties": {
                      "provisioningState": "Succeeded",
                      "addressPrefix": "10.250.0.0/16",
                      "nextHopType": "VirtualAppliance",
                      "nextHopIpAddress": "10.250.0.132"
                    }
                  }
                ]
              },
              "dependsOn": []
            },
            {
              "comments": "NETWORK SECURITY GROUP FOR EUROPEWEBSERVERS SUBNET",
              "type": "Microsoft.Network/networkSecurityGroups",
              "name": "[parameters('networkSecurityGroups_NSG_EuropeWebServers_name')]",
              "apiVersion": "2018-12-01",
              "location": "[parameters('RG_EuropePublic_Location')]",
              "tags": {},
              "scale": null,
              "properties": {
                "provisioningState": "Succeeded",
                "resourceGuid": "b597386c-8d82-4a71-affa-e300b5997eae",
                "securityRules": [
                  {
                    "name": "AlllowHTTP",
                    "etag": "W/\"309ed815-9e2c-4cd4-a3f1-81b62f866970\"",
                    "properties": {
                      "provisioningState": "Succeeded",
                      "protocol": "*",
                      "sourcePortRange": "*",
                      "destinationPortRange": "80",
                      "sourceAddressPrefix": "*",
                      "destinationAddressPrefix": "*",
                      "access": "Allow",
                      "priority": 1010,
                      "direction": "Inbound",
                      "sourcePortRanges": [],
                      "destinationPortRanges": [],
                      "sourceAddressPrefixes": [],
                      "destinationAddressPrefixes": []
                    }
                  },
                  {
                    "name": "default-allow-rdp",
                    "etag": "W/\"309ed815-9e2c-4cd4-a3f1-81b62f866970\"",
                    "properties": {
                      "provisioningState": "Succeeded",
                      "protocol": "TCP",
                      "sourcePortRange": "3389",
                      "destinationPortRange": "3389",
                      "sourceAddressPrefix": "10.250.1.0/29",
                      "destinationAddressPrefix": "10.250.2.0/29",
                      "access": "Allow",
                      "priority": 1000,
                      "direction": "Inbound",
                      "sourcePortRanges": [],
                      "destinationPortRanges": [],
                      "sourceAddressPrefixes": [],
                      "destinationAddressPrefixes": []
                    }
                  }
                ],
                "defaultSecurityRules": []
              },
              "dependsOn": []
            },
            {
              "comments": "VIRTUAL NETWORK EUROPEPUBLIC",
              "type": "Microsoft.Network/virtualNetworks",
              "name": "[parameters('virtualNetworks_VNet_EuropePublic_name')]",
              "apiVersion": "2018-12-01",
              "location": "[parameters('RG_EuropePublic_Location')]",
              "scale": null,
              "properties": {
                "provisioningState": "Succeeded",
                "resourceGuid": "6af54b16-271d-42f4-9c6d-bf4c049cfd63",
                "addressSpace": {
                  "addressPrefixes": [
                    "10.250.2.0/24"
                  ]
                },
                "subnets": [
                  {
                    "name": "SNet-WebServers",
                    "etag": "W/\"54d1e9a1-cc34-43d9-bf7b-d942fbd7ed1d\"",
                    "properties": {
                      "provisioningState": "Succeeded",
                      "addressPrefix": "10.250.2.0/29",
                      "routeTable": {
                        "id": "[resourceId(parameters('resourceGroup_RG_EuropePublic'), 'Microsoft.Network/routeTables', parameters('routeTables_UDR_EuropePublic_name'))]"
                      },
                      "serviceEndpoints": [],
                      "delegations": []
                    }
                  }
                ],
                "virtualNetworkPeerings": [],
                "enableDdosProtection": false,
                "enableVmProtection": false
              },
              "dependsOn": [
                "[resourceId(parameters('resourceGroup_RG_EuropePublic'), 'Microsoft.Network/routeTables', parameters('routeTables_UDR_EuropePublic_name'))]"
              ]
            },
            {
              "comments": "VNET-EuropePublic VIRTUAL NETWORK SUBNET WEBSERVERS",
              "type": "Microsoft.Network/virtualNetworks/subnets",
              "name": "[concat(parameters('virtualNetworks_VNet_EuropePublic_name'), '/', parameters('subnets_SNet_WebServers_name'))]",
              "apiVersion": "2018-12-01",
              "scale": null,
              "properties": {
                "provisioningState": "Succeeded",
                "addressPrefix": "10.250.2.0/29",
                "routeTable": {
                  "id": "[resourceId(parameters('resourceGroup_RG_EuropePublic'), 'Microsoft.Network/routeTables', parameters('routeTables_UDR_EuropePublic_name'))]"
                },
                "serviceEndpoints": [],
                "delegations": []
              },
              "dependsOn": [
                "[resourceId(parameters('resourceGroup_RG_EuropePublic'), 'Microsoft.Network/virtualNetworks', parameters('virtualNetworks_VNet_EuropePublic_name'))]",
                "[resourceId(parameters('resourceGroup_RG_EuropePublic'), 'Microsoft.Network/routeTables', parameters('routeTables_UDR_EuropePublic_name'))]"
              ]
            },
            {
              "comments": "STORAGE ACOCUNT FOR EUROPE PUBLIC",
              "type": "Microsoft.Storage/storageAccounts",
              "sku": {
                "name": "Standard_LRS",
                "tier": "Standard"
              },
              "kind": "Storage",
              "name": "[variables('var_SA_RGEuropePublic_name')]",
              "apiVersion": "2018-07-01",
              "location": "[parameters('RG_EuropePublic_Location')]",
              "tags": {},
              "scale": null,
              "properties": {
                "networkAcls": {
                  "bypass": "AzureServices",
                  "virtualNetworkRules": [],
                  "ipRules": [],
                  "defaultAction": "Allow"
                },
                "supportsHttpsTrafficOnly": false,
                "encryption": {
                  "services": {
                    "file": {
                      "enabled": true
                    },
                    "blob": {
                      "enabled": true
                    }
                  },
                  "keySource": "Microsoft.Storage"
                }
              },
              "dependsOn": []
            },
            {
              "comments": "LOAD BALANCER FOR EUROPE PUBLIC WEB SERVERS",
              "type": "Microsoft.Network/loadBalancers",
              "sku": {
                "name": "Basic",
                "tier": "Regional"
              },
              "name": "[parameters('loadBalancers_LB_EuropeWebServer_name')]",
              "apiVersion": "2018-12-01",
              "location": "[parameters('RG_EuropePublic_Location')]",
              "tags": {},
              "scale": null,
              "properties": {
                "provisioningState": "Succeeded",
                "resourceGuid": "880579cc-9a01-41e6-a03b-1158878b20f8",
                "frontendIPConfigurations": [
                  {
                    "name": "[parameters('loadBalancers_LB_FrontEnd_name')]",
                    "etag": "W/\"9e5ed8ea-3bc6-4af2-8f69-2556e6e07699\"",
                    "properties": {
                      "provisioningState": "Succeeded",
                      "privateIPAllocationMethod": "Dynamic",
                      "publicIPAddress": {
                        "id": "[resourceId(parameters('resourceGroup_RG_EuropePublic'), 'Microsoft.Network/publicIPAddresses', parameters('publicIPAddresses_IP_EuropeWebServer_name'))]"
                      }
                    }
                  }
                ],
                "backendAddressPools": [
                  {
                    "name": "[parameters('loadBalancers_LB_BackendPool_name')]",
                    "etag": "W/\"9e5ed8ea-3bc6-4af2-8f69-2556e6e07699\"",
                    "properties": {
                      "provisioningState": "Succeeded"
                    }
                  }
                ],
                "loadBalancingRules": [
                  {
                    "name": "LB-Rule",
                    "etag": "W/\"9e5ed8ea-3bc6-4af2-8f69-2556e6e07699\"",
                    "properties": {
                      "provisioningState": "Succeeded",
                      "frontendIPConfiguration": {
                        "id": "[resourceId(parameters('resourceGroup_RG_EuropePublic'), 'Microsoft.Network/loadBalancers/frontendIPConfigurations', parameters('loadBalancers_LB_EuropeWebServer_name'), parameters('loadBalancers_LB_FrontEnd_name'))]"
                      },
                      "frontendPort": 80,
                      "backendPort": 80,
                      "enableFloatingIP": false,
                      "idleTimeoutInMinutes": 4,
                      "protocol": "Tcp",
                      "enableTcpReset": false,
                      "loadDistribution": "Default",
                      "backendAddressPool": {
                        "id": "[resourceId(parameters('resourceGroup_RG_EuropePublic'), 'Microsoft.Network/loadBalancers/backendAddressPools', parameters('loadBalancers_LB_EuropeWebServer_name'), parameters('loadBalancers_LB_BackendPool_name'))]"
                      },
                      "probe": {
                        "id": "[resourceId(parameters('resourceGroup_RG_EuropePublic'), 'Microsoft.Network/loadBalancers/probes', parameters('loadBalancers_LB_EuropeWebServer_name'), parameters('loadBalancers_LB_HealthProbe_name'))]"
                      }
                    }
                  }
                ],
                "probes": [
                  {
                    "name": "[parameters('loadBalancers_LB_HealthProbe_name')]",
                    "etag": "W/\"9e5ed8ea-3bc6-4af2-8f69-2556e6e07699\"",
                    "properties": {
                      "provisioningState": "Succeeded",
                      "protocol": "Tcp",
                      "port": 80,
                      "intervalInSeconds": 5,
                      "numberOfProbes": 2
                    }
                  }
                ],
                "inboundNatRules": [],
                "inboundNatPools": []
              },
              "dependsOn": [
                "[resourceId(parameters('resourceGroup_RG_EuropePublic'), 'Microsoft.Network/publicIPAddresses', parameters('publicIPAddresses_IP_EuropeWebServer_name'))]"
              ]
            },
            {
              "comments": "NETWORK INTERFACE CARD FOR WEBSERVER1 VIRTUAL MACHINE",
              "type": "Microsoft.Network/networkInterfaces",
              "name": "[parameters('networkInterfaces_NIC_VMWebServer1_name')]",
              "apiVersion": "2018-12-01",
              "location": "[parameters('RG_EuropePublic_Location')]",
              "tags": {},
              "scale": null,
              "properties": {
                "provisioningState": "Succeeded",
                "resourceGuid": "661a7c50-7304-42b9-a197-039e4bd3e1b5",
                "ipConfigurations": [
                  {
                    "name": "ipconfig1",
                    "etag": "W/\"8fecbd6c-b4a7-4c33-b160-bb77c7b6a4e4\"",
                    "properties": {
                      "provisioningState": "Succeeded",
                      "privateIPAddress": "10.250.2.4",
                      "privateIPAllocationMethod": "Dynamic",
                      "subnet": {
                        "id": "[resourceId(parameters('resourceGroup_RG_EuropePublic'), 'Microsoft.Network/virtualNetworks/subnets', parameters('virtualNetworks_VNet_EuropePublic_name'), parameters('subnets_SNet_WebServers_name'))]"
                      },
                      "primary": true,
                      "privateIPAddressVersion": "IPv4",
                      "loadBalancerBackendAddressPools": [
                        {
                          "id": "[resourceId(parameters('resourceGroup_RG_EuropePublic'), 'Microsoft.Network/loadBalancers/backendAddressPools', parameters('loadBalancers_LB_EuropeWebServer_name'), parameters('loadBalancers_LB_BackendPool_name'))]"
                        }
                      ]
                    }
                  }
                ],
                "enableAcceleratedNetworking": false,
                "enableIPForwarding": false,
                "networkSecurityGroup": {
                  "id": "[resourceId(parameters('resourceGroup_RG_EuropePublic'), 'Microsoft.Network/networkSecurityGroups', parameters('networkSecurityGroups_NSG_EuropeWebServers_name'))]"
                },
                "primary": true,
                "tapConfigurations": []
              },
              "dependsOn": [
                "[resourceId(parameters('resourceGroup_RG_EuropePublic'), 'Microsoft.Network/virtualNetworks/subnets', parameters('virtualNetworks_VNet_EuropePublic_name'), parameters('subnets_SNet_WebServers_name'))]",
                "[resourceId(parameters('resourceGroup_RG_EuropePublic'), 'Microsoft.Network/loadBalancers', parameters('loadBalancers_LB_EuropeWebServer_name'))]",
                "[resourceId(parameters('resourceGroup_RG_EuropePublic'), 'Microsoft.Network/networkSecurityGroups', parameters('networkSecurityGroups_NSG_EuropeWebServers_name'))]"
              ]
            },
            {
              "comments": "NETWORK INTERFACE CARD FOR WEBSERVER2 VIRTUAL MACHINE",
              "type": "Microsoft.Network/networkInterfaces",
              "name": "[parameters('networkInterfaces_NIC_VMWebServer2_name')]",
              "apiVersion": "2018-12-01",
              "location": "[parameters('RG_EuropePublic_Location')]",
              "tags": {},
              "scale": null,
              "properties": {
                "provisioningState": "Succeeded",
                "resourceGuid": "3ca31391-d5b8-4943-8a9c-ae95833d0d07",
                "ipConfigurations": [
                  {
                    "name": "ipconfig1",
                    "etag": "W/\"0f3e0dc9-abfc-4c28-aaaf-45a8f041463b\"",
                    "properties": {
                      "provisioningState": "Succeeded",
                      "privateIPAddress": "10.250.2.5",
                      "privateIPAllocationMethod": "Dynamic",
                      "subnet": {
                        "id": "[resourceId(parameters('resourceGroup_RG_EuropePublic'), 'Microsoft.Network/virtualNetworks/subnets', parameters('virtualNetworks_VNet_EuropePublic_name'), parameters('subnets_SNet_WebServers_name'))]"
                      },
                      "primary": true,
                      "privateIPAddressVersion": "IPv4",
                      "loadBalancerBackendAddressPools": [
                        {
                          "id": "[resourceId(parameters('resourceGroup_RG_EuropePublic'), 'Microsoft.Network/loadBalancers/backendAddressPools', parameters('loadBalancers_LB_EuropeWebServer_name'), parameters('loadBalancers_LB_BackendPool_name'))]"
                        }
                      ]
                    }
                  }
                ],
                "enableAcceleratedNetworking": false,
                "enableIPForwarding": false,
                "networkSecurityGroup": {
                  "id": "[resourceId(parameters('resourceGroup_RG_EuropePublic'), 'Microsoft.Network/networkSecurityGroups', parameters('networkSecurityGroups_NSG_EuropeWebServers_name'))]"
                },
                "primary": true,
                "tapConfigurations": []
              },
              "dependsOn": [
                "[resourceId(parameters('resourceGroup_RG_EuropePublic'), 'Microsoft.Network/virtualNetworks/subnets', parameters('virtualNetworks_VNet_EuropePublic_name'), parameters('subnets_SNet_WebServers_name'))]",
                "[resourceId(parameters('resourceGroup_RG_EuropePublic'), 'Microsoft.Network/loadBalancers', parameters('loadBalancers_LB_EuropeWebServer_name'))]",
                "[resourceId(parameters('resourceGroup_RG_EuropePublic'), 'Microsoft.Network/networkSecurityGroups', parameters('networkSecurityGroups_NSG_EuropeWebServers_name'))]"
              ]
            },
            {
              "comments": "AVAILABILITY SET FOR WEB SERVER VM1 & VM2",
              "type": "Microsoft.Compute/availabilitySets",
              "sku": {
                "name": "Aligned"
              },
              "name": "[parameters('availabilitySets_AS_EuropeWebServers_name')]",
              "apiVersion": "2018-10-01",
              "location": "[parameters('RG_EuropePublic_Location')]",
              "tags": {},
              "scale": null,
              "properties": {
                "platformUpdateDomainCount": 5,
                "platformFaultDomainCount": 2,
                "virtualMachines": [
                  {
                    "id": "[resourceId(parameters('resourceGroup_RG_EuropePublic'), 'Microsoft.Compute/virtualMachines', parameters('virtualMachines_VM_WebServer1_name'))]"
                  },
                  {
                    "id": "[resourceId(parameters('resourceGroup_RG_EuropePublic'), 'Microsoft.Compute/virtualMachines', parameters('virtualMachines_VM_WebServer2_name'))]"
                  }
                ]
              },
              "dependsOn": []
            },
            {
              "comments": "VIRTUAL MACHINE WEBSERVER1",
              "type": "Microsoft.Compute/virtualMachines",
              "name": "[parameters('virtualMachines_VM_WebServer1_name')]",
              "apiVersion": "2018-10-01",
              "location": "[parameters('RG_EuropePublic_Location')]",
              "tags": {},
              "scale": null,
              "properties": {
                "availabilitySet": {
                  "id": "[resourceId(parameters('resourceGroup_RG_EuropePublic'), 'Microsoft.Compute/availabilitySets', parameters('availabilitySets_AS_EuropeWebServers_name'))]"
                },
                "hardwareProfile": {
                  "vmSize": "Standard_B1ms"
                },
                "storageProfile": {
                  "imageReference": {
                    "publisher": "MicrosoftWindowsServer",
                    "offer": "WindowsServer",
                    "sku": "2019-Datacenter",
                    "version": "latest"
                  },
                  "osDisk": {
                    "osType": "Windows",
                    "name": "[concat(parameters('virtualMachines_VM_WebServer1_name'), '_OsDisk_1_', parameters('lowercase_initialsOrBusinessName'))]",
                    "createOption": "FromImage",
                    "caching": "ReadWrite",
                    "managedDisk": {},
                    "diskSizeGB": 127
                  },
                  "dataDisks": []
                },
                "osProfile": {
                  "computerName": "[parameters('virtualMachines_VM_WebServer1_name')]",
                  "adminUsername": "[parameters('virtualMachines_adminUsername')]",
                  "windowsConfiguration": {
                    "provisionVMAgent": true,
                    "enableAutomaticUpdates": true
                  },
                  "secrets": [],
                  "adminPassword": "[parameters('virtualMachines_adminPassword')]",
                  "allowExtensionOperations": true
                },
                "networkProfile": {
                  "networkInterfaces": [
                    {
                      "id": "[resourceId(parameters('resourceGroup_RG_EuropePublic'), 'Microsoft.Network/networkInterfaces', parameters('networkInterfaces_NIC_VMWebServer1_name'))]"
                    }
                  ]
                },
                "diagnosticsProfile": {
                  "bootDiagnostics": {
                    "enabled": true,
                    "storageUri": "[concat('https', '://', variables('var_SA_RGEuropePublic_name'), '.blob.core.windows.net', '/')]"
                  }
                }
              },
              "dependsOn": [
                "[resourceId(parameters('resourceGroup_RG_EuropePublic'), 'Microsoft.Compute/availabilitySets', parameters('availabilitySets_AS_EuropeWebServers_name'))]",
                "[resourceId(parameters('resourceGroup_RG_EuropePublic'), 'Microsoft.Network/networkInterfaces', parameters('networkInterfaces_NIC_VMWebServer1_name'))]",
                "[resourceId(parameters('resourceGroup_RG_EuropePublic'), 'Microsoft.Storage/storageAccounts', variables('var_SA_RGEuropePublic_name'))]"
              ]
            },
            {
              "comments": "VIRTUAL MACHINE WEBSERVER2",
              "type": "Microsoft.Compute/virtualMachines",
              "name": "[parameters('virtualMachines_VM_WebServer2_name')]",
              "apiVersion": "2018-10-01",
              "location": "[parameters('RG_EuropePublic_Location')]",
              "tags": {},
              "scale": null,
              "properties": {
                "availabilitySet": {
                  "id": "[resourceId(parameters('resourceGroup_RG_EuropePublic'), 'Microsoft.Compute/availabilitySets', parameters('availabilitySets_AS_EuropeWebServers_name'))]"
                },
                "hardwareProfile": {
                  "vmSize": "Standard_B1ms"
                },
                "storageProfile": {
                  "imageReference": {
                    "publisher": "MicrosoftWindowsServer",
                    "offer": "WindowsServer",
                    "sku": "2019-Datacenter",
                    "version": "latest"
                  },
                  "osDisk": {
                    "osType": "Windows",
                    "name": "[concat(parameters('virtualMachines_VM_WebServer2_name'), '_OsDisk_1_', parameters('lowercase_initialsOrBusinessName'))]",
                    "createOption": "FromImage",
                    "caching": "ReadWrite",
                    "managedDisk": {}
                  },
                  "dataDisks": []
                },
                "osProfile": {
                  "computerName": "[parameters('virtualMachines_VM_WebServer2_name')]",
                  "adminUsername": "[parameters('virtualMachines_adminUsername')]",
                  "windowsConfiguration": {
                    "provisionVMAgent": true,
                    "enableAutomaticUpdates": true
                  },
                  "secrets": [],
                  "adminPassword": "[parameters('virtualMachines_adminPassword')]",
                  "allowExtensionOperations": true
                },
                "networkProfile": {
                  "networkInterfaces": [
                    {
                      "id": "[resourceId(parameters('resourceGroup_RG_EuropePublic'), 'Microsoft.Network/networkInterfaces', parameters('networkInterfaces_NIC_VMWebServer2_name'))]"
                    }
                  ]
                },
                "diagnosticsProfile": {
                  "bootDiagnostics": {
                    "enabled": true,
                    "storageUri": "[concat('https', '://', variables('var_SA_RGEuropePublic_name'), '.blob.core.windows.net', '/')]"
                  }
                }
              },
              "dependsOn": [
                "[resourceId(parameters('resourceGroup_RG_EuropePublic'), 'Microsoft.Compute/availabilitySets', parameters('availabilitySets_AS_EuropeWebServers_name'))]",
                "[resourceId(parameters('resourceGroup_RG_EuropePublic'), 'Microsoft.Network/networkInterfaces', parameters('networkInterfaces_NIC_VMWebServer2_name'))]",
                "[resourceId(parameters('resourceGroup_RG_EuropePublic'), 'Microsoft.Storage/storageAccounts', variables('var_SA_RGEuropePublic_name'))]"
              ]
            },
            {
              "type": "Microsoft.Compute/virtualMachines/extensions",
              "name": "[concat(parameters('virtualMachines_VM_WebServer1_name'),'/Microsoft.Powershell.DSC')]",
              "location": "[parameters('RG_EuropePublic_Location')]",
              "apiVersion": "2016-03-30",
              "tags": {
                "displayName": "InstallISS_VMWebServer1"
              },
              "properties": {
                "publisher": "Microsoft.Powershell",
                "type": "DSC",
                "typeHandlerVersion": "2.9",
                "autoUpgradeMinorVersion": true,
                "settings": {
                  "modulesUrl": "https://github.com/Azure/azure-quickstart-templates/raw/master/dsc-extension-iis-server-windows-vm/ContosoWebsite.ps1.zip",
                  "configurationFunction": "ContosoWebsite.ps1\\ContosoWebsite",
                  "properties": {
                    "MachineName": "[parameters('virtualMachines_VM_WebServer1_name')]"
                  }
                }
              },
              "dependsOn": [
                "[resourceId(parameters('resourceGroup_RG_EuropePublic'), 'Microsoft.Compute/virtualMachines', parameters('virtualMachines_VM_WebServer1_name'))]"
              ]
            },
            {
              "type": "Microsoft.Compute/virtualMachines/extensions",
              "name": "[concat(parameters('virtualMachines_VM_WebServer2_name'),'/Microsoft.Powershell.DSC')]",
              "location": "[parameters('RG_EuropePublic_Location')]",
              "apiVersion": "2016-03-30",
              "tags": {
                "displayName": "InstallISS_VMWebServer2"
              },
              "properties": {
                "publisher": "Microsoft.Powershell",
                "type": "DSC",
                "typeHandlerVersion": "2.9",
                "autoUpgradeMinorVersion": true,
                "settings": {
                  "modulesUrl": "https://github.com/Azure/azure-quickstart-templates/raw/master/dsc-extension-iis-server-windows-vm/ContosoWebsite.ps1.zip",
                  "configurationFunction": "ContosoWebsite.ps1\\ContosoWebsite",
                  "properties": {
                    "MachineName": "[parameters('virtualMachines_VM_WebServer2_name')]"
                  }
                }
              },
              "dependsOn": [
                "[resourceId(parameters('resourceGroup_RG_EuropePublic'), 'Microsoft.Compute/virtualMachines', parameters('virtualMachines_VM_WebServer2_name'))]"
              ]
            },
            {
              "comments": "VIRTUAL NETWORK PEERING FROM EuropePublic VNET TO CORPFIREWALL VNET",
              "type": "Microsoft.Network/virtualNetworks/virtualNetworkPeerings",
              "name": "[concat(parameters('virtualNetworks_VNet_EuropePublic_name'), '/', parameters('virtualNetworkPeerings_Peer_EuropePublicToCorpFirewall_name'))]",
              "apiVersion": "2018-12-01",
              "scale": null,
              "properties": {
                "provisioningState": "Succeeded",
                "peeringState": "Connected",
                "remoteVirtualNetwork": {
                  "id": "[resourceId(parameters('resourceGroup_RG_CorpCloud'),'Microsoft.Network/virtualNetworks', parameters('virtualNetworks_VNet_CorpFirewall_name'))]"
                },
                "allowVirtualNetworkAccess": true,
                "allowForwardedTraffic": true,
                "allowGatewayTransit": false,
                "useRemoteGateways": false,
                "remoteAddressSpace": {
                  "addressPrefixes": [
                    "10.250.0.0/24"
                  ]
                }
              },
              "dependsOn": [
                "[resourceId(parameters('resourceGroup_RG_EuropePublic'),'Microsoft.Network/virtualNetworks', parameters('virtualNetworks_VNet_EuropePublic_name'))]"
              ]
            }
          ]
        }
      }
    },




    {
      "comments": "VIRTUAL NETWORK PEERING FROM CORPFIREWALL VNET TO EuropePublic VNET",
      "type": "Microsoft.Network/virtualNetworks/virtualNetworkPeerings",
      "name": "[concat(parameters('virtualNetworks_VNet_CorpFirewall_name'), '/', parameters('virtualNetworkPeerings_Peer_CorpFirewallToEuropePublic_name'))]",
      "apiVersion": "2018-12-01",
      "scale": null,
      "properties": {
        "provisioningState": "Succeeded",
        "peeringState": "Connected",
        "remoteVirtualNetwork": {
          "id": "[resourceId(parameters('resourceGroup_RG_EuropePublic'), 'Microsoft.Network/virtualNetworks', parameters('virtualNetworks_VNet_EuropePublic_name'))]"
        },
        "allowVirtualNetworkAccess": true,
        "allowForwardedTraffic": true,
        "allowGatewayTransit": false,
        "useRemoteGateways": false,
        "remoteAddressSpace": {
          "addressPrefixes": [
            "10.250.2.0/24"
          ]
        }
      },
      "dependsOn": [
        "RG-EuropePublicTemplate",
        "[resourceId('Microsoft.Network/virtualNetworks', parameters('virtualNetworks_VNet_CorpFirewall_name'))]"
      ]
    },
    {
      "comments": "VIRTUAL NETWORK PEERING FROM CORPFIREWALL VNET TO CORPSERVER VNET",
      "type": "Microsoft.Network/virtualNetworks/virtualNetworkPeerings",
      "name": "[concat(parameters('virtualNetworks_VNet_CorpFirewall_name'), '/', parameters('virtualNetworkPeerings_Peer_CorpFirewallToCorpServers_name'))]",
      "apiVersion": "2018-12-01",
      "scale": null,
      "properties": {
        "provisioningState": "Succeeded",
        "peeringState": "Connected",
        "remoteVirtualNetwork": {
          "id": "[resourceId('Microsoft.Network/virtualNetworks', parameters('virtualNetworks_VNet_CorpServers_name'))]"
        },
        "allowVirtualNetworkAccess": true,
        "allowForwardedTraffic": true,
        "allowGatewayTransit": true,
        "useRemoteGateways": false,
        "remoteAddressSpace": {
          "addressPrefixes": [
            "10.250.1.0/24"
          ]
        }
      },
      "dependsOn": [
        "[resourceId('Microsoft.Network/virtualNetworks', parameters('virtualNetworks_VNet_CorpFirewall_name'))]",
        "[resourceId('Microsoft.Network/virtualNetworks', parameters('virtualNetworks_VNet_CorpServers_name'))]"
      ]
    },
    {
      "comments": "STORAGE ACOCUNT FOR CORP CLOUD",
      "type": "Microsoft.Storage/storageAccounts",
      "sku": {
        "name": "Standard_LRS",
        "tier": "Standard"
      },
      "kind": "Storage",
      "name": "[variables('var_SA_RGCorpCloud_name')]",
      "apiVersion": "2018-07-01",
      "location": "[parameters('RG_CorpCloud_Location')]",
      "tags": {},
      "scale": null,
      "properties": {
        "networkAcls": {
          "bypass": "AzureServices",
          "virtualNetworkRules": [],
          "ipRules": [],
          "defaultAction": "Allow"
        },
        "supportsHttpsTrafficOnly": false,
        "encryption": {
          "services": {
            "file": {
              "enabled": true
            },
            "blob": {
              "enabled": true
            }
          },
          "keySource": "Microsoft.Storage"
        }
      },
      "dependsOn": []
    },
    {
      "comments": "NETWORK INTERFACE CARD FOR INTERNALMGMT VIRTUAL MACHINE",
      "type": "Microsoft.Network/networkInterfaces",
      "name": "[parameters('networkInterfaces_NIC_VMInternalMgmt_name')]",
      "apiVersion": "2018-12-01",
      "location": "[parameters('RG_CorpCloud_Location')]",
      "tags": {},
      "scale": null,
      "properties": {
        "provisioningState": "Succeeded",
        "resourceGuid": "e224d7d9-015e-467a-a228-89810e07c91d",
        "ipConfigurations": [
          {
            "name": "ipconfig1",
            "etag": "W/\"ee83bdae-76ae-4264-b450-2b90710de66f\"",
            "properties": {
              "provisioningState": "Succeeded",
              "privateIPAddress": "10.250.1.4",
              "privateIPAllocationMethod": "Dynamic",
              "subnet": {
                "id": "[resourceId('Microsoft.Network/virtualNetworks/subnets', parameters('virtualNetworks_VNet_CorpServers_name'), parameters('subnets_SNet_InternalMgmt_name'))]"
              },
              "primary": true,
              "privateIPAddressVersion": "IPv4"
            }
          }
        ],
        "enableAcceleratedNetworking": false,
        "enableIPForwarding": false,
        "networkSecurityGroup": {
          "id": "[resourceId('Microsoft.Network/networkSecurityGroups', parameters('networkSecurityGroups_NSG_InternalMgmt_name'))]"
        },
        "primary": true,
        "tapConfigurations": []
      },
      "dependsOn": [
        "[resourceId('Microsoft.Network/virtualNetworks/subnets', parameters('virtualNetworks_VNet_CorpServers_name'), parameters('subnets_SNet_InternalMgmt_name'))]",
        "[resourceId('Microsoft.Network/networkSecurityGroups', parameters('networkSecurityGroups_NSG_InternalMgmt_name'))]"
      ]
    },
    {
      "comments": "NETWORK INTERFACE CARD FOR CORPWEBSERVER VIRTUAL MACHINE",
      "type": "Microsoft.Network/networkInterfaces",
      "name": "[parameters('networkInterfaces_NIC_VMCorpWeb_name')]",
      "apiVersion": "2018-12-01",
      "location": "[parameters('RG_CorpCloud_Location')]",
      "tags": {},
      "scale": null,
      "properties": {
        "provisioningState": "Succeeded",
        "resourceGuid": "c3e99337-01e2-4ec4-87b5-f3f0164e7d98",
        "ipConfigurations": [
          {
            "name": "ipconfig1",
            "etag": "W/\"36dcfa55-616d-49ac-9ac0-98778de7094b\"",
            "properties": {
              "provisioningState": "Succeeded",
              "privateIPAddress": "10.250.1.12",
              "privateIPAllocationMethod": "Dynamic",
              "subnet": {
                "id": "[resourceId('Microsoft.Network/virtualNetworks/subnets', parameters('virtualNetworks_VNet_CorpServers_name'), parameters('subnets_SNet_InternalWebServers_name'))]"
              },
              "primary": true,
              "privateIPAddressVersion": "IPv4"
            }
          }
        ],
        "enableAcceleratedNetworking": false,
        "enableIPForwarding": false,
        "networkSecurityGroup": {
          "id": "[resourceId('Microsoft.Network/networkSecurityGroups', parameters('networkSecurityGroups_NSG_CorpWebServers_name'))]"
        },
        "primary": true,
        "tapConfigurations": []
      },
      "dependsOn": [
        "[resourceId('Microsoft.Network/virtualNetworks/subnets', parameters('virtualNetworks_VNet_CorpServers_name'), parameters('subnets_SNet_InternalWebServers_name'))]",
        "[resourceId('Microsoft.Network/networkSecurityGroups', parameters('networkSecurityGroups_NSG_CorpWebServers_name'))]"
      ]
    },
    {
      "comments": "VIRTUAL MACHINE CORPWEB",
      "type": "Microsoft.Compute/virtualMachines",
      "name": "[parameters('virtualMachines_VM_CorpWeb_name')]",
      "apiVersion": "2018-10-01",
      "location": "[parameters('RG_CorpCloud_Location')]",
      "tags": {},
      "scale": null,
      "properties": {
        "hardwareProfile": {
          "vmSize": "Standard_B1ms"
        },
        "storageProfile": {
          "imageReference": {
            "publisher": "MicrosoftWindowsServer",
            "offer": "WindowsServer",
            "sku": "2019-Datacenter",
            "version": "latest"
          },
          "osDisk": {
            "osType": "Windows",
            "name": "[concat(parameters('virtualMachines_VM_CorpWeb_name'),'_OsDisk_1_', parameters('lowercase_initialsOrBusinessName'))]",
            "createOption": "FromImage",
            "caching": "ReadWrite"
          },
          "dataDisks": []
        },
        "osProfile": {
          "computerName": "[parameters('virtualMachines_VM_CorpWeb_name')]",
          "adminUsername": "[parameters('virtualMachines_adminUsername')]",
          "windowsConfiguration": {
            "provisionVMAgent": true,
            "enableAutomaticUpdates": true
          },
          "secrets": [],
          "adminPassword": "[parameters('virtualMachines_adminPassword')]",
          "allowExtensionOperations": true
        },
        "networkProfile": {
          "networkInterfaces": [
            {
              "id": "[resourceId('Microsoft.Network/networkInterfaces', parameters('networkInterfaces_NIC_VMCorpWeb_name'))]"
            }
          ]
        },
        "diagnosticsProfile": {
          "bootDiagnostics": {
            "enabled": true,
            "storageUri": "[concat('https', '://', variables('var_SA_RGCorpCloud_name'), '.blob.core.windows.net', '/')]"
          }
        }
      },
      "dependsOn": [
        "[resourceId('Microsoft.Network/networkInterfaces', parameters('networkInterfaces_NIC_VMCorpWeb_name'))]",
        "[resourceId('Microsoft.Storage/storageAccounts', variables('var_SA_RGCorpCloud_name'))]"
      ],
      "resources": []
    },
    {
      "comments": "VIRTUAL MACHINE INTERNALMGMT",
      "type": "Microsoft.Compute/virtualMachines",
      "name": "[parameters('virtualMachines_VM_InternalMgmt_name')]",
      "apiVersion": "2018-10-01",
      "location": "[parameters('RG_CorpCloud_Location')]",
      "tags": {},
      "scale": null,
      "properties": {
        "hardwareProfile": {
          "vmSize": "Standard_B1ms"
        },
        "storageProfile": {
          "imageReference": {
            "publisher": "MicrosoftWindowsDesktop",
            "offer": "Windows-10",
            "sku": "rs5-pro",
            "version": "latest"
          },
          "osDisk": {
            "osType": "Windows",
            "name": "[concat(parameters('virtualMachines_VM_InternalMgmt_name'),'_OsDisk_1_', parameters('lowercase_initialsOrBusinessName'))]",
            "createOption": "FromImage",
            "caching": "ReadWrite",
            "diskSizeGB": 127
          },
          "dataDisks": []
        },
        "osProfile": {
          "computerName": "[parameters('virtualMachines_VM_InternalMgmt_name')]",
          "adminUsername": "[parameters('virtualMachines_adminUsername')]",
          "windowsConfiguration": {
            "provisionVMAgent": true,
            "enableAutomaticUpdates": true
          },
          "secrets": [],
          "adminPassword": "[parameters('virtualMachines_adminPassword')]",
          "allowExtensionOperations": true
        },
        "networkProfile": {
          "networkInterfaces": [
            {
              "id": "[resourceId('Microsoft.Network/networkInterfaces', parameters('networkInterfaces_NIC_VMInternalMgmt_name'))]"
            }
          ]
        },
        "diagnosticsProfile": {
          "bootDiagnostics": {
            "enabled": true,
            "storageUri": "[concat('https', '://', variables('var_SA_RGCorpCloud_name'), '.blob.core.windows.net', '/')]"
          }
        },
        "licenseType": "Windows_Client"
      },
      "dependsOn": [
        "[resourceId('Microsoft.Network/networkInterfaces', parameters('networkInterfaces_NIC_VMInternalMgmt_name'))]",
        "[resourceId('Microsoft.Storage/storageAccounts', variables('var_SA_RGCorpCloud_name'))]"
      ]
    },
    {
      "comments": "LOCAL NETWORK GATEWAY FOR USE IN CORPCLOUD DETIALING STATS OF ON-PREMISE NETWORK",
      "type": "Microsoft.Network/localNetworkGateways",
      "name": "[parameters('localNetworkGateways_LNG_ForOnPrem_name')]",
      "apiVersion": "2018-12-01",
      "location": "[parameters('RG_CorpCloud_Location')]",
      "scale": null,
      "properties": {
        "resourceGuid": "9e907534-b704-4b88-851a-9bffb3ea9ef3",
        "localNetworkAddressSpace": {
          "addressPrefixes": [
            "10.0.0.0/16"
          ]
        },
        "gatewayIpAddress": "51.140.83.4"
      },
      "dependsOn": []
    },
    {
      "comments": "VIRTUAL NETWORK GATEWAY VNG-CLOUD",
      "type": "Microsoft.Network/virtualNetworkGateways",
      "name": "[parameters('virtualNetworkGateways_VNG_Cloud_name')]",
      "apiVersion": "2018-12-01",
      "location": "[parameters('RG_CorpCloud_Location')]",
      "scale": null,
      "properties": {
        "resourceGuid": "f6ad9226-7058-46c9-9891-f7081c2b005a",
        "ipConfigurations": [
          {
            "name": "default",
            "etag": "W/\"2762a148-8c14-4279-afe0-8ddad9e4db99\"",
            "properties": {
              "privateIPAllocationMethod": "Dynamic",
              "publicIPAddress": {
                "id": "[resourceId('Microsoft.Network/publicIPAddresses', parameters('publicIPAddresses_IP_GWCloud_name'))]"
              },
              "subnet": {
                "id": "[resourceId('Microsoft.Network/virtualNetworks/subnets', parameters('virtualNetworks_VNet_CorpFirewall_name'), parameters('subnets_GatewaySubnet_name'))]"
              }
            }
          }
        ],
        "sku": {
          "name": "VpnGw1",
          "tier": "VpnGw1",
          "capacity": 2
        },
        "gatewayType": "Vpn",
        "vpnType": "RouteBased",
        "enableBgp": false,
        "activeActive": false,
        "vpnClientConfiguration": {
          "vpnClientProtocols": [
            "SSTP",
            "IkeV2"
          ],
          "vpnClientRootCertificates": [],
          "vpnClientRevokedCertificates": [],
          "vpnClientIpsecPolicies": []
        },
        "bgpSettings": {
          "asn": 65515,
          "bgpPeeringAddress": "10.250.0.14",
          "peerWeight": 0
        }
      },
      "dependsOn": [
        "[resourceId('Microsoft.Network/publicIPAddresses', parameters('publicIPAddresses_IP_GWCloud_name'))]",
        "[resourceId('Microsoft.Network/virtualNetworks/subnets', parameters('virtualNetworks_VNet_CorpFirewall_name'), parameters('subnets_GatewaySubnet_name'))]"
      ]
    },
    {
      "comments": "GATEWAY CONNECTION FROM CORPCLOUD",
      "type": "Microsoft.Network/connections",
      "name": "[parameters('connections_Connection_GWCloud_name')]",
      "apiVersion": "2018-12-01",
      "location": "[parameters('RG_CorpCloud_Location')]",
      "scale": null,
      "properties": {
        "resourceGuid": "ce4caaab-9a9e-4201-bf7d-1c7454211931",
        "virtualNetworkGateway1": {
          "id": "[variables('var_VNG_Cloud_location')]",
          "properties": {}
        },
        "localNetworkGateway2": {
          "id": "[variables('var_LNG_ForOnPrem_location')]",
          "properties": {}
        },
        "connectionType": "IPsec",
        "connectionProtocol": "IKEv2",
        "routingWeight": 0,
        "enableBgp": false,
        "usePolicyBasedTrafficSelectors": false,
        "ipsecPolicies": [],
        "sharedKey": "[concat(parameters('lowercase_initialsOrBusinessName'), 'Cloud')]",
        "expressRouteGatewayBypass": false
      },
      "dependsOn": [
        "[resourceId('Microsoft.Network/virtualNetworkGateways', parameters('virtualNetworkGateways_VNG_Cloud_name'))]",
        "[resourceId('Microsoft.Network/localNetworkGateways', Parameters('localNetworkGateways_LNG_ForOnPrem_name'))]"
      ]
    },
    {
      "comments": "VIRTUAL NETWORK PEERING FROM CORPSERVER VNET TO CORPFIREWALL VNET",
      "type": "Microsoft.Network/virtualNetworks/virtualNetworkPeerings",
      "name": "[concat(parameters('virtualNetworks_VNet_CorpServers_name'), '/', parameters('virtualNetworkPeerings_Peer_CorpServersToCorpFirewall_name'))]",
      "apiVersion": "2018-12-01",
      "scale": null,
      "properties": {
        "provisioningState": "Succeeded",
        "peeringState": "Connected",
        "remoteVirtualNetwork": {
          "id": "[resourceId('Microsoft.Network/virtualNetworks', parameters('virtualNetworks_VNet_CorpFirewall_name'))]"
        },
        "allowVirtualNetworkAccess": true,
        "allowForwardedTraffic": true,
        "allowGatewayTransit": false,
        "useRemoteGateways": true,
        "remoteAddressSpace": {
          "addressPrefixes": [
            "10.250.0.0/24"
          ]
        }
      },
      "dependsOn": [
        "[resourceId('Microsoft.Network/virtualNetworks', parameters('virtualNetworks_VNet_CorpServers_name'))]",
        "[resourceId('Microsoft.Network/virtualNetworks', parameters('virtualNetworks_VNet_CorpFirewall_name'))]",
        "[resourceId('Microsoft.Network/virtualNetworkGateways', parameters('virtualNetworkGateways_VNG_Cloud_name'))]"
      ]
    },
    {
      "type": "Microsoft.Compute/virtualMachines/extensions",
      "name": "[concat(parameters('virtualMachines_VM_CorpWeb_name'),'/Microsoft.Powershell.DSC')]",
      "location": "[parameters('RG_CorpCloud_Location')]",
      "apiVersion": "2016-03-30",
      "tags": {
        "displayName": "InstallISS_VMCorpWeb"
      },
      "properties": {
        "publisher": "Microsoft.Powershell",
        "type": "DSC",
        "typeHandlerVersion": "2.9",
        "autoUpgradeMinorVersion": true,
        "settings": {
          "modulesUrl": "https://github.com/Azure/azure-quickstart-templates/raw/master/dsc-extension-iis-server-windows-vm/ContosoWebsite.ps1.zip",
          "configurationFunction": "ContosoWebsite.ps1\\ContosoWebsite",
          "properties": {
            "MachineName": "[parameters('virtualMachines_VM_CorpWeb_name')]"
          }
        }
      },
      "dependsOn": [
        "[resourceId('Microsoft.Compute/virtualMachines', parameters('virtualMachines_VM_CorpWeb_name'))]",
        "[resourceId('Microsoft.Network/virtualNetworks/virtualNetworkPeerings', parameters('virtualNetworks_VNet_CorpServers_name'), parameters('virtualNetworkPeerings_Peer_CorpServersToCorpFirewall_name'))]",
        "[resourceId('Microsoft.Network/virtualNetworks/virtualNetworkPeerings', parameters('virtualNetworks_VNet_CorpFirewall_name'), parameters('virtualNetworkPeerings_Peer_CorpFirewallToCorpServers_name'))]"
      ]
    }
  ]
}
