{
  "$schema": "https://schema.management.azure.com/schemas/2015-01-01/deploymentParameters.json#",
  "contentVersion": "1.0.0.0",
  "parameters": {
    "resourceGroup_RG_CorpCloud": {
      "value": "RG-CorpCloud"
    },
    "resourceGroup_RG_EuropePublic": {
      "value": "RG-EuropePublic"
    },


    "RG_CorpCloud_Location": {
      "value": "uksouth"
    },
    "RG_EuropePublic_Location": {
      "value": "northeurope"
    },




    "publicIPAddresses_IP_EuropeWebServer_name": {
      "value": "IP-EuropeWebServer"
    },


    "routeTables_UDR_EuropePublic_name": {
      "value": "UDR-EuropePublic"
    },


    "networkSecurityGroups_NSG_EuropeWebServers_name": {
      "value": "NSG-EuropeWebServers"
    },


    "virtualNetworks_VNet_EuropePublic_name": {
      "value": "VNet-EuropePublic"
    },
    "subnets_SNet_WebServers_name": {
      "value": "SNet-WebServers"
    },


    "storageAccounts_SA_RGEuropePublic_name": {
      "value": "sargeuropepublic"
    },


    "loadBalancers_LB_EuropeWebServer_name": {
      "value": "LB-EuropeWebServer"
    },
    "loadBalancers_LB_FrontEnd_name": {
      "value": "LB-FronEnd"
    },
    "loadBalancers_LB_BackendPool_name": {
      "value": "LB-BackendPool"
    },
    "loadBalancers_LB_HealthProbe_name": {
      "value": "LB-HealthProbe"
    },


    "networkInterfaces_NIC_VMWebServer1_name": {
      "value": "NIC-VMWebServer1"
    },
    "networkInterfaces_NIC_VMWebServer2_name": {
      "value": "NIC-VMWebServer2"
    },


    "availabilitySets_AS_EuropeWebServers_name": {
      "value": "AS-EuropeWebServers"
    },


    "virtualMachines_VM_WebServer1_name": {
      "value": "VM-WebServer1"
    },
    "virtualMachines_VM_WebServer2_name": {
      "value": "VM-Webserver2"
    },


    "virtualNetworkPeerings_Peer_EuropePublicToCorpFirewall_name": {
      "value": "Peer-EuropePublicToCorpFirewall"
    },




    "publicIPAddresses_IP_Firewall_name": {
      "value": "IP-Firewall"
    },
    "publicIPAddresses_IP_GWCloud_name": {
      "value": "IP-GWCloud"
    },


    "routeTables_UDR_CorpServers_name": {
      "value": "UDR-CorpServers"
    },


    "networkSecurityGroups_NSG_CorpServers_name": {
      "value": "NSG-CorpServers"
    },
    "networkSecurityGroups_NSG_InternalMgmt_name": {
      "value": "NSG-InternalManagement"
    },
    "networkSecurityGroups_NSG_CorpWebServers_name": {
      "value": "NSG-CorpWebServers"
    },


    "virtualNetworks_VNet_CorpFirewall_name": {
      "value": "VNet-CorpFirewall"
    },
    "subnets_GatewaySubnet_name": {
      "value": "GatewaySubnet"
    },
    "subnets_AzureFirewallSubnet_name": {
      "value": "AzureFirewallSubnet"
    },


    "virtualNetworks_VNet_CorpServers_name": {
      "value": "VNet-CorpServers"
    },
    "subnets_SNet_InternalMgmt_name": {
      "value": "SNet-InternalMgmt"
    },
    "subnets_SNet_InternalWebServers_name": {
      "value": "SNet-InternalWebServers"
    },


    "virtualNetworkPeerings_Peer_CorpFirewallToEuropePublic_name": {
      "value": "Peer-CorpFirewallToEuropePublic"
    },
    "virtualNetworkPeerings_Peer_CorpServersToCorpFirewall_name": {
      "value": "Peer-CorpServersToCorpFirewall"
    },
    "virtualNetworkPeerings_Peer_CorpFirewallToCorpServers_name": {
      "value": "Peer-CorpFirewallToCorpServers"
    },


    "storageAccounts_SA_RGCorpCloud_name": {
      "value": "sacorpcloud"
    },


    "networkInterfaces_NIC_VMInternalMgmt_name": {
      "value": "NIC-VMInternalMgmt"
    },
    "networkInterfaces_NIC_VMCorpWeb_name": {
      "value": "NIC-VMCorpWeb"
    },


    "azureFirewalls_FW_CorpFirewall_name": {
      "value": "FW-CorpFirewall"
    },


    "virtualMachines_VM_CorpWeb_name": {
      "value": "VM-CorpWeb"
    },
    "virtualMachines_VM_InternalMgmt_name": {
      "value": "VM-InternalMgmt"
    },


    "localNetworkGateways_LNG_ForOnPrem_name": {
      "value": "LNG-ForOnPrem"
    },
    "virtualNetworkGateways_VNG_Cloud_name": {
      "value": "VNG-Cloud"
    },
    "connections_Connection_GWCloud_name": {
      "value": "Connection-GWCloud"
    }
  }
}
