{
  "properties": {
    "lenses": {
      "0": {
        "order": 0,
        "parts": {
          "0": {
            "position": {
              "x": 0,
              "y": 0,
              "colSpan": 4,
              "rowSpan": 2
            },
            "metadata": {
              "inputs": [],
              "type": "Extension/Microsoft_Azure_Billing/PartType/SubscriptionsBladePinnedPart"
            }
          },
          "1": {
            "position": {
              "x": 4,
              "y": 0,
              "colSpan": 6,
              "rowSpan": 2
            },
            "metadata": {
              "inputs": [
                {
                  "name": "resourceType",
                  "value": "Microsoft.Resources/subscriptions/resourcegroups",
                  "isOptional": true
                },
                {
                  "name": "filter",
                  "isOptional": true
                },
                {
                  "name": "scope",
                  "isOptional": true
                },
                {
                  "name": "kind",
                  "isOptional": true
                }
              ],
              "type": "Extension/HubsExtension/PartType/BrowseResourceGroupPinnedPart"
            }
          },
          "2": {
            "position": {
              "x": 10,
              "y": 0,
              "colSpan": 5,
              "rowSpan": 2
            },
            "metadata": {
              "inputs": [
                {
                  "name": "resourceType",
                  "value": "Microsoft.Network/azureFirewalls",
                  "isOptional": true
                },
                {
                  "name": "filter",
                  "isOptional": true
                },
                {
                  "name": "scope",
                  "isOptional": true
                },
                {
                  "name": "kind",
                  "isOptional": true
                }
              ],
              "type": "Extension/HubsExtension/PartType/BrowseBaseResourcesPinnedPart"
            }
          },
          "3": {
            "position": {
              "x": 15,
              "y": 0,
              "colSpan": 4,
              "rowSpan": 2
            },
            "metadata": {
              "inputs": [
                {
                  "name": "resourceType",
                  "value": "Microsoft.Network/localnetworkgateways",
                  "isOptional": true
                },
                {
                  "name": "filter",
                  "isOptional": true
                },
                {
                  "name": "scope",
                  "isOptional": true
                },
                {
                  "name": "kind",
                  "isOptional": true
                }
              ],
              "type": "Extension/HubsExtension/PartType/BrowseBaseResourcesPinnedPart"
            }
          },
          "4": {
            "position": {
              "x": 0,
              "y": 2,
              "colSpan": 4,
              "rowSpan": 3
            },
            "metadata": {
              "inputs": [
                {
                  "name": "resourceType",
                  "value": "Microsoft.Resources/recent",
                  "isOptional": true
                },
                {
                  "name": "filter",
                  "isOptional": true
                },
                {
                  "name": "scope",
                  "isOptional": true
                },
                {
                  "name": "kind",
                  "isOptional": true
                }
              ],
              "type": "Extension/HubsExtension/PartType/BrowseBaseResourcesPinnedPart"
            }
          },
          "5": {
            "position": {
              "x": 4,
              "y": 2,
              "colSpan": 6,
              "rowSpan": 3
            },
            "metadata": {
              "inputs": [
                {
                  "name": "resourceType",
                  "value": "Microsoft.Compute/VirtualMachines",
                  "isOptional": true
                },
                {
                  "name": "filter",
                  "isOptional": true
                },
                {
                  "name": "scope",
                  "isOptional": true
                },
                {
                  "name": "kind",
                  "isOptional": true
                }
              ],
              "type": "Extension/HubsExtension/PartType/BrowseBaseResourcesPinnedPart"
            }
          },
          "6": {
            "position": {
              "x": 10,
              "y": 2,
              "colSpan": 5,
              "rowSpan": 3
            },
            "metadata": {
              "inputs": [
                {
                  "name": "resourceType",
                  "value": "Microsoft.Network/networkinterfaces",
                  "isOptional": true
                },
                {
                  "name": "filter",
                  "isOptional": true
                },
                {
                  "name": "scope",
                  "isOptional": true
                },
                {
                  "name": "kind",
                  "isOptional": true
                }
              ],
              "type": "Extension/HubsExtension/PartType/BrowseBaseResourcesPinnedPart"
            }
          },
          "7": {
            "position": {
              "x": 15,
              "y": 2,
              "colSpan": 4,
              "rowSpan": 3
            },
            "metadata": {
              "inputs": [
                {
                  "name": "resourceType",
                  "value": "Microsoft.Network/virtualNetworkGateways",
                  "isOptional": true
                },
                {
                  "name": "filter",
                  "isOptional": true
                },
                {
                  "name": "scope",
                  "isOptional": true
                },
                {
                  "name": "kind",
                  "isOptional": true
                }
              ],
              "type": "Extension/HubsExtension/PartType/BrowseBaseResourcesPinnedPart"
            }
          },
          "8": {
            "position": {
              "x": 0,
              "y": 5,
              "colSpan": 4,
              "rowSpan": 3
            },
            "metadata": {
              "inputs": [
                {
                  "name": "resourceType",
                  "value": "Microsoft.Network/PublicIpAddresses",
                  "isOptional": true
                },
                {
                  "name": "filter",
                  "isOptional": true
                },
                {
                  "name": "scope",
                  "isOptional": true
                },
                {
                  "name": "kind",
                  "isOptional": true
                }
              ],
              "type": "Extension/HubsExtension/PartType/BrowseBaseResourcesPinnedPart"
            }
          },
          "9": {
            "position": {
              "x": 4,
              "y": 5,
              "colSpan": 6,
              "rowSpan": 3
            },
            "metadata": {
              "inputs": [
                {
                  "name": "resourceType",
                  "value": "Microsoft.Network/NetworkSecurityGroups",
                  "isOptional": true
                },
                {
                  "name": "filter",
                  "isOptional": true
                },
                {
                  "name": "scope",
                  "isOptional": true
                },
                {
                  "name": "kind",
                  "isOptional": true
                }
              ],
              "type": "Extension/HubsExtension/PartType/BrowseBaseResourcesPinnedPart"
            }
          },
          "10": {
            "position": {
              "x": 10,
              "y": 5,
              "colSpan": 5,
              "rowSpan": 3
            },
            "metadata": {
              "inputs": [
                {
                  "name": "resourceType",
                  "value": "Microsoft.Network/virtualNetworks",
                  "isOptional": true
                },
                {
                  "name": "filter",
                  "isOptional": true
                },
                {
                  "name": "scope",
                  "isOptional": true
                },
                {
                  "name": "kind",
                  "isOptional": true
                }
              ],
              "type": "Extension/HubsExtension/PartType/BrowseBaseResourcesPinnedPart"
            }
          },
          "11": {
            "position": {
              "x": 15,
              "y": 5,
              "colSpan": 4,
              "rowSpan": 3
            },
            "metadata": {
              "inputs": [
                {
                  "name": "resourceType",
                  "value": "Microsoft.Network/connections",
                  "isOptional": true
                },
                {
                  "name": "filter",
                  "isOptional": true
                },
                {
                  "name": "scope",
                  "isOptional": true
                },
                {
                  "name": "kind",
                  "isOptional": true
                }
              ],
              "type": "Extension/HubsExtension/PartType/BrowseBaseResourcesPinnedPart"
            }
          },
          "12": {
            "position": {
              "x": 0,
              "y": 8,
              "colSpan": 4,
              "rowSpan": 2
            },
            "metadata": {
              "inputs": [
                {
                  "name": "resourceType",
                  "value": "Microsoft.Network/LoadBalancers",
                  "isOptional": true
                },
                {
                  "name": "filter",
                  "isOptional": true
                },
                {
                  "name": "scope",
                  "isOptional": true
                },
                {
                  "name": "kind",
                  "isOptional": true
                }
              ],
              "type": "Extension/HubsExtension/PartType/BrowseBaseResourcesPinnedPart"
            }
          },
          "13": {
            "position": {
              "x": 4,
              "y": 8,
              "colSpan": 6,
              "rowSpan": 2
            },
            "metadata": {
              "inputs": [
                {
                  "name": "resourceType",
                  "value": "Microsoft.Network/trafficmanagerprofiles",
                  "isOptional": true
                },
                {
                  "name": "filter",
                  "isOptional": true
                },
                {
                  "name": "scope",
                  "isOptional": true
                },
                {
                  "name": "kind",
                  "isOptional": true
                }
              ],
              "type": "Extension/HubsExtension/PartType/BrowseBaseResourcesPinnedPart"
            }
          },
          "14": {
            "position": {
              "x": 10,
              "y": 8,
              "colSpan": 5,
              "rowSpan": 2
            },
            "metadata": {
              "inputs": [
                {
                  "name": "resourceType",
                  "value": "Microsoft.Network/routeTables",
                  "isOptional": true
                },
                {
                  "name": "filter",
                  "isOptional": true
                },
                {
                  "name": "scope",
                  "isOptional": true
                },
                {
                  "name": "kind",
                  "isOptional": true
                }
              ],
              "type": "Extension/HubsExtension/PartType/BrowseBaseResourcesPinnedPart"
            }
          },
          "15": {
            "position": {
              "x": 15,
              "y": 8,
              "colSpan": 4,
              "rowSpan": 2
            },
            "metadata": {
              "inputs": [
                {
                  "name": "resourceType",
                  "value": "Microsoft.Storage/StorageAccounts",
                  "isOptional": true
                },
                {
                  "name": "filter",
                  "isOptional": true
                },
                {
                  "name": "scope",
                  "isOptional": true
                },
                {
                  "name": "kind",
                  "isOptional": true
                }
              ],
              "type": "Extension/HubsExtension/PartType/BrowseBaseResourcesPinnedPart"
            }
          }
        }
      }
    },
    "metadata": {
      "model": {
        "timeRange": {
          "value": {
            "relative": {
              "duration": 24,
              "timeUnit": 1
            }
          },
          "type": "MsPortalFx.Composition.Configuration.ValueTypes.TimeRange"
        }
      }
    }
  },
  "name": "Networking & Security Workshop",
  "type": "Microsoft.Portal/dashboards",
  "location": "INSERT LOCATION",
  "tags": {
    "hidden-title": "Networking & Security Workshop"
  },
  "apiVersion": "2015-08-01-preview"
}